{"cameraMode":{"drawMode":0,"name":"Shaded","section":"Shading Mode"},"sceneLighting":true,"audioPlay":false,"sceneViewState":{"m_AlwaysRefresh":false,"showFog":true,"showSkybox":true,"showFlares":true,"showImageEffects":true,"showParticleSystems":true,"showVisualEffectGraphs":true,"m_FxEnabled":true},"in2DMode":false,"pivot":{"x":-0.5900342464447022,"y":1.4031327962875367,"z":-2.2548954486846926},"rotation":{"x":0.2114049196243286,"y":-0.010225089266896248,"z":0.0022002661135047676,"w":0.9774040579795837},"size":0.8660253882408142,"orthographic":false}